gameId,name,weapon,won,shotsFired,shotsHit,kills,damageDealt,damageTaken,causeOfDeath,roundsSurvived,deathRow,deathCol,timesStuck
1764983944,Reaper_1,S,1,21,25,3,403,53,alive,415,-1,-1,0
1764984086,Reaper_1,S,1,28,43,9,716,0,alive,380,-1,-1,0
1764984088,Reaper_1,S,1,24,26,4,432,95,alive,412,-1,-1,0
1764984089,Reaper_1,S,1,19,27,5,454,56,alive,247,-1,-1,0
1764984091,Reaper_1,S,0,6,6,0,104,100,collision with Rat_5,24,10,0,0
1764984092,Reaper_1,S,1,32,40,11,670,45,alive,141,-1,-1,0
1764984093,Reaper_1,S,1,17,19,5,320,17,alive,487,-1,-1,0
1764984093,Reaper_1,S,1,23,24,7,375,10,alive,132,-1,-1,0
1764984094,Reaper_1,S,0,7,9,1,155,102,collision with Hammer_3,14,18,9,0
1764984094,Reaper_1,S,1,10,10,2,166,20,alive,523,-1,-1,0
1764984095,Reaper_1,S,1,19,20,6,330,5,alive,393,-1,-1,0
1764984095,Reaper_1,S,0,9,10,1,159,88,collision with Flame_2,29,9,11,0
1764984096,Reaper_1,S,1,15,17,5,305,69,alive,321,-1,-1,0
1764984096,Reaper_1,S,0,7,9,2,149,98,collision with Flame_6,33,7,18,0
1764984097,Reaper_1,S,1,10,10,1,175,0,alive,262,-1,-1,0
1764984097,Reaper_1,S,1,19,21,6,322,10,alive,301,-1,-1,0
1764984097,Reaper_1,S,1,24,30,6,515,32,alive,468,-1,-1,0
1764984113,Reaper_1,S,1,48,51,13,853,7,alive,407,-1,-1,0
1764984113,Reaper_1,S,1,40,43,8,734,33,alive,205,-1,-1,0
1764984113,Reaper_1,S,1,26,30,10,404,44,alive,592,-1,-1,0
1764984113,Reaper_1,S,0,3,4,0,63,100,railgun from Rat_6,4,19,3,0
1764984113,Reaper_1,S,1,18,19,6,301,0,alive,381,-1,-1,0
1764984113,Reaper_1,S,1,26,33,9,534,11,alive,357,-1,-1,0
1764984113,Reaper_1,S,1,37,38,10,628,90,alive,453,-1,-1,0
1764984113,Reaper_1,S,1,36,40,9,684,6,alive,431,-1,-1,0
1764984113,Reaper_1,S,1,22,30,3,513,23,alive,442,-1,-1,0
1764984113,Reaper_1,S,1,26,30,5,506,18,alive,304,-1,-1,0
1764984113,Reaper_1,S,1,22,22,5,364,0,alive,474,-1,-1,0
1764984113,Reaper_1,S,0,4,5,1,76,100,railgun from Rat_1,20,0,1,0
1764984113,Reaper_1,S,1,23,28,7,471,43,alive,105,-1,-1,0
1764984113,Reaper_1,S,1,18,21,8,327,54,alive,391,-1,-1,0
1764984113,Reaper_1,S,1,24,24,5,421,42,alive,182,-1,-1,0
1764984113,Reaper_1,S,0,4,4,0,71,97,collision with Hammer_6,25,17,6,0
1764984113,Reaper_1,S,0,6,7,0,125,100,railgun from Rat_6,8,16,10,0
1764984113,Reaper_1,S,1,30,37,10,600,19,alive,182,-1,-1,0
1764984113,Reaper_1,S,1,25,27,7,393,9,alive,334,-1,-1,0
1764984113,Reaper_1,S,0,14,30,5,509,98,collision with Hammer_8,237,7,6,0
1764984113,Reaper_1,S,0,6,6,1,103,98,railgun from Rat_7,20,11,4,0
1764984113,Reaper_1,S,1,21,23,6,403,35,alive,389,-1,-1,0
1764984113,Reaper_1,S,1,20,23,5,405,27,alive,271,-1,-1,0
1764984113,Reaper_1,S,1,16,16,3,276,74,alive,466,-1,-1,0
1764984113,Reaper_1,S,1,7,7,2,95,33,alive,271,-1,-1,0
1764984113,Reaper_1,S,1,17,17,6,287,80,alive,323,-1,-1,0
1764984113,Reaper_1,S,1,24,29,6,480,78,alive,325,-1,-1,0
1764984113,Reaper_1,S,0,3,3,0,57,100,collision with Rat_1,6,1,14,0
1764984113,Reaper_1,S,0,3,3,0,53,98,railgun from Rat_7,3,17,1,0
1764984113,Reaper_1,S,1,25,38,9,640,46,alive,426,-1,-1,0
1764984114,Reaper_1,S,1,20,20,5,352,7,alive,108,-1,-1,0
1764984114,Reaper_1,S,1,27,28,5,456,0,alive,483,-1,-1,0
1764984114,Reaper_1,S,1,22,24,8,387,32,alive,428,-1,-1,0
1764984114,Reaper_1,S,1,14,18,5,308,11,alive,396,-1,-1,0
1764984114,Reaper_1,S,1,25,32,9,517,0,alive,339,-1,-1,0
1764984114,Reaper_1,S,1,24,34,9,555,50,alive,270,-1,-1,0
1764984114,Reaper_1,S,1,32,32,6,495,35,alive,901,-1,-1,0
1764984114,Reaper_1,S,0,2,2,0,32,98,railgun from Rat_7,4,3,5,0
1764984114,Reaper_1,S,1,14,15,3,257,24,alive,612,-1,-1,0
1764984114,Reaper_1,S,1,15,20,3,346,42,alive,114,-1,-1,0
1764984114,Reaper_1,S,0,6,6,0,105,100,railgun from Rat_5,8,7,11,0
1764984114,Reaper_1,S,1,20,25,7,428,10,alive,430,-1,-1,0
1764984114,Reaper_1,S,0,13,13,1,219,101,railgun from Rat_7,35,4,5,0
1764984114,Reaper_1,S,1,21,24,5,393,23,alive,462,-1,-1,0
1764984114,Reaper_1,S,1,26,27,7,426,72,alive,278,-1,-1,0
1764984114,Reaper_1,S,1,22,32,8,541,76,alive,405,-1,-1,0
1764984114,Reaper_1,S,1,24,26,7,406,73,alive,164,-1,-1,0
1764984114,Reaper_1,S,0,16,18,3,300,103,collision with Hammer_8,32,1,19,0
1764984114,Reaper_1,S,0,12,25,4,423,100,collision with Rat_7,12,19,0,0
1764984114,Reaper_1,S,1,25,31,6,513,32,alive,428,-1,-1,0
1764984114,Reaper_1,S,0,2,4,0,68,98,railgun from Rat_7,3,17,9,0
1764984114,Reaper_1,S,1,22,30,10,487,43,alive,259,-1,-1,0
1764984114,Reaper_1,S,1,31,37,9,612,10,alive,319,-1,-1,0
1764984114,Reaper_1,S,0,3,4,0,69,98,railgun from Rat_3,4,13,1,0
1764984114,Reaper_1,S,1,22,22,4,358,35,alive,377,-1,-1,0
1764984114,Reaper_1,S,1,20,26,5,431,24,alive,357,-1,-1,0
1764984114,Reaper_1,S,1,23,23,4,370,36,alive,393,-1,-1,0
1764984114,Reaper_1,S,1,31,31,7,523,89,alive,370,-1,-1,0
1764984114,Reaper_1,S,1,27,28,11,451,15,alive,516,-1,-1,0
1764984114,Reaper_1,S,1,30,34,7,566,14,alive,222,-1,-1,0
1764984114,Reaper_1,S,1,26,27,7,412,3,alive,462,-1,-1,0
1764984115,Reaper_1,S,1,32,35,7,578,73,alive,282,-1,-1,0
1764984115,Reaper_1,S,0,19,37,5,630,100,flame,42,13,4,0
1764984115,Reaper_1,S,1,15,16,5,244,35,alive,375,-1,-1,0
1764984115,Reaper_1,S,1,29,35,8,585,82,alive,312,-1,-1,0
1764984115,Reaper_1,S,1,23,28,3,474,5,alive,305,-1,-1,0
1764984115,Reaper_1,S,1,30,33,11,517,34,alive,240,-1,-1,0
1764984115,Reaper_1,S,1,34,34,5,578,9,alive,449,-1,-1,0
1764984115,Reaper_1,S,0,4,12,1,203,100,railgun from Rat_5,5,11,0,0
1764984115,Reaper_1,S,0,26,30,7,478,100,railgun from Rat_1,111,14,6,0
1764984115,Reaper_1,S,1,21,21,6,363,54,alive,523,-1,-1,0
1764984115,Reaper_1,S,0,5,8,2,139,99,collision with Hammer_8,11,7,0,0
1764984115,Reaper_1,S,1,19,20,6,334,54,alive,425,-1,-1,0
1764984115,Reaper_1,S,1,15,19,7,273,68,alive,299,-1,-1,0
1764984115,Reaper_1,S,1,20,20,6,342,42,alive,276,-1,-1,0
1764984115,Reaper_1,S,1,11,17,2,290,0,alive,272,-1,-1,0
1764984115,Reaper_1,S,0,3,3,0,51,100,railgun from Rat_7,9,14,4,0
1764984115,Reaper_1,S,0,5,9,0,146,97,collision with Rat_6,13,19,12,0
1764984115,Reaper_1,S,1,36,36,7,574,36,alive,421,-1,-1,0
1764984115,Reaper_1,S,1,24,28,7,472,5,alive,209,-1,-1,0
1764984115,Reaper_1,S,0,10,15,3,239,98,collision with Rat_1,41,19,13,0
1764984115,Reaper_1,S,1,24,36,7,603,32,alive,263,-1,-1,0
1764984115,Reaper_1,S,1,35,39,8,640,22,alive,925,-1,-1,0
1764984115,Reaper_1,S,1,21,25,4,440,33,alive,401,-1,-1,0
1764984115,Reaper_1,S,1,29,31,7,513,10,alive,379,-1,-1,0
1764984115,Reaper_1,S,1,20,23,7,341,20,alive,550,-1,-1,0
1764984115,Reaper_1,S,1,31,32,6,550,0,alive,460,-1,-1,0
1764984115,Reaper_1,S,1,21,24,4,393,14,alive,277,-1,-1,0
1764984115,Reaper_1,S,0,7,7,1,107,97,railgun from Rat_3,19,15,10,0
1764984115,Reaper_1,S,1,27,28,8,473,30,alive,163,-1,-1,0
1764984115,Reaper_1,S,1,16,17,3,279,6,alive,385,-1,-1,0
1764984115,Reaper_1,S,1,21,26,6,405,74,alive,168,-1,-1,0
1764984115,Reaper_1,S,1,14,15,2,262,35,alive,312,-1,-1,0
1764984115,Reaper_1,S,1,13,15,3,244,6,alive,387,-1,-1,0
1764984115,Reaper_1,S,1,17,18,5,271,54,alive,292,-1,-1,0
1764984115,Reaper_1,S,1,15,17,2,299,35,alive,465,-1,-1,0
1764984116,Reaper_1,S,1,25,26,5,462,66,alive,130,-1,-1,0
1764984116,Reaper_1,S,1,21,23,5,399,21,alive,336,-1,-1,0
1764984116,Reaper_1,S,1,15,16,4,270,70,alive,274,-1,-1,0
1764984116,Reaper_1,S,1,23,24,5,390,0,alive,408,-1,-1,0
1764984116,Reaper_1,S,1,24,29,7,487,6,alive,314,-1,-1,0
1764984116,Reaper_1,S,1,30,35,9,553,36,alive,633,-1,-1,0
1764984116,Reaper_1,S,1,18,19,4,314,60,alive,271,-1,-1,0
1764984116,Reaper_1,S,0,3,7,0,126,98,collision with Rat_1,5,0,11,0
1764984116,Reaper_1,S,1,38,43,12,718,86,alive,409,-1,-1,0
1764984116,Reaper_1,S,1,29,35,7,553,31,alive,329,-1,-1,0
1764984116,Reaper_1,S,1,39,39,10,656,32,alive,355,-1,-1,0
1764984116,Reaper_1,S,1,14,17,6,255,0,alive,416,-1,-1,0
1764984116,Reaper_1,S,0,5,9,0,160,98,railgun from Rat_2,10,5,5,0
1764984116,Reaper_1,S,0,7,10,1,171,100,railgun from Rat_5,19,11,8,0
1764984116,Reaper_1,S,1,23,24,4,430,19,alive,365,-1,-1,0
1764984116,Reaper_1,S,1,19,20,7,322,10,alive,317,-1,-1,0
1764984116,Reaper_1,S,1,23,25,6,413,54,alive,377,-1,-1,0
1764984116,Reaper_1,S,1,21,21,3,363,54,alive,369,-1,-1,0
1764984116,Reaper_1,S,1,21,23,6,386,30,alive,400,-1,-1,0
1764984116,Reaper_1,S,1,28,37,9,585,27,alive,404,-1,-1,0
1764984116,Reaper_1,S,1,15,15,3,247,60,alive,347,-1,-1,0
1764984116,Reaper_1,S,0,18,22,3,375,96,collision with Hammer_3,53,19,11,0
1764984116,Reaper_1,S,1,36,44,12,718,15,alive,360,-1,-1,0
1764984116,Reaper_1,S,0,4,5,0,92,100,flamethrower from Flame_6,11,4,17,0
1764984116,Reaper_1,S,1,32,36,8,616,15,alive,561,-1,-1,0
1764984116,Reaper_1,S,1,24,26,8,395,50,alive,434,-1,-1,0
1764984116,Reaper_1,S,1,27,39,11,653,35,alive,396,-1,-1,0
1764984116,Reaper_1,S,1,19,20,6,324,7,alive,491,-1,-1,0
1764984116,Reaper_1,S,1,27,32,8,526,54,alive,325,-1,-1,0
1764984116,Reaper_1,S,1,27,34,8,560,29,alive,312,-1,-1,0
1764984116,Reaper_1,S,0,25,27,5,446,103,collision with Hammer_3,58,14,0,0
1764984116,Reaper_1,S,1,37,48,12,799,11,alive,380,-1,-1,0
1764984117,Reaper_1,S,0,1,1,0,17,100,railgun from Rat_4,2,1,14,0
1764984117,Reaper_1,S,0,7,7,1,116,100,collision with Flame_8,11,6,3,0
1764984117,Reaper_1,S,1,14,15,3,243,73,alive,254,-1,-1,0
1764984117,Reaper_1,S,0,5,7,1,120,104,collision with Rat_7,12,16,5,0
1764984117,Reaper_1,S,0,3,4,0,62,100,railgun from Rat_2,5,14,4,0
1764984117,Reaper_1,S,1,18,18,5,295,0,alive,336,-1,-1,0
1764984117,Reaper_1,S,1,11,18,6,302,32,alive,160,-1,-1,0
1764984117,Reaper_1,S,0,3,3,0,47,100,railgun from Rat_5,6,15,12,0
1764984117,Reaper_1,S,1,27,32,6,553,83,alive,200,-1,-1,0
1764984117,Reaper_1,S,1,3,3,1,49,17,alive,492,-1,-1,0
1764984117,Reaper_1,S,1,38,47,10,804,0,alive,405,-1,-1,0
1764984117,Reaper_1,S,1,12,17,4,276,78,alive,311,-1,-1,0
1764984117,Reaper_1,S,0,14,20,5,342,99,collision with Flame_1,27,16,3,0
1764984117,Reaper_1,S,1,26,30,7,513,21,alive,295,-1,-1,0
1764984117,Reaper_1,S,1,27,38,8,645,54,alive,121,-1,-1,0
1764984117,Reaper_1,S,0,11,14,3,240,105,collision with Hammer_7,17,10,1,0
1764984117,Reaper_1,S,0,1,1,0,15,92,railgun from Rat_1,23,16,19,0
1764984117,Reaper_1,S,0,7,9,4,128,101,collision with Rat_6,78,3,14,0
1764984117,Reaper_1,S,0,3,4,0,66,100,railgun from Rat_1,17,18,19,0
1764984117,Reaper_1,S,1,12,18,4,285,21,alive,293,-1,-1,0
1764984117,Reaper_1,S,1,22,28,6,457,10,alive,230,-1,-1,0
1764984117,Reaper_1,S,1,24,24,7,364,81,alive,507,-1,-1,0
1764984117,Reaper_1,S,1,31,34,10,562,23,alive,382,-1,-1,0
1764984117,Reaper_1,S,1,25,26,7,398,79,alive,384,-1,-1,0
1764984117,Reaper_1,S,1,30,32,8,518,74,alive,340,-1,-1,0
1764984117,Reaper_1,S,1,27,32,10,504,35,alive,464,-1,-1,0
1764984117,Reaper_1,S,1,18,19,4,313,78,alive,360,-1,-1,0
1764984117,Reaper_1,S,1,21,23,4,385,63,alive,279,-1,-1,0
1764984117,Reaper_1,S,1,34,41,8,693,64,alive,477,-1,-1,0
1764984117,Reaper_1,S,1,24,27,8,424,26,alive,601,-1,-1,0
1764984117,Reaper_1,S,0,2,2,0,33,97,railgun from Rat_7,8,4,7,0
1764984117,Reaper_1,S,1,30,35,8,574,11,alive,150,-1,-1,0
1764984117,Reaper_1,S,1,23,25,9,427,9,alive,137,-1,-1,0
1764984117,Reaper_1,S,1,27,43,9,720,24,alive,388,-1,-1,0
1764984117,Reaper_1,S,0,10,22,4,370,97,collision with Rat_1,12,7,0,0
1764984117,Reaper_1,S,0,8,13,2,216,99,railgun from Rat_3,12,4,4,0
1764984118,Reaper_1,S,1,16,18,7,291,60,alive,290,-1,-1,0
1764984118,Reaper_1,S,1,18,27,6,463,32,alive,371,-1,-1,0
1764984118,Reaper_1,S,1,26,43,5,725,8,alive,310,-1,-1,0
1764984118,Reaper_1,S,1,24,28,6,462,43,alive,112,-1,-1,0
1764984118,Reaper_1,S,1,7,9,2,157,7,alive,353,-1,-1,0
1764984118,Reaper_1,S,1,28,32,6,525,5,alive,456,-1,-1,0
1764984118,Reaper_1,S,1,20,20,4,334,35,alive,314,-1,-1,0
1764984118,Reaper_1,S,1,11,15,4,235,47,alive,331,-1,-1,0
1764984118,Reaper_1,S,1,25,28,7,485,46,alive,121,-1,-1,0
1764984118,Reaper_1,S,1,27,29,9,448,10,alive,114,-1,-1,0
1764984118,Reaper_1,S,0,17,21,5,325,105,collision with Hammer_1,42,19,3,0
1764984118,Reaper_1,S,0,20,23,1,396,89,hammer from Hammer_8,40,11,15,0
1764984118,Reaper_1,S,0,10,11,3,190,91,flame,46,13,4,0
1764984118,Reaper_1,S,1,15,16,5,285,82,alive,335,-1,-1,0
1764984118,Reaper_1,S,1,24,25,7,410,59,alive,333,-1,-1,0
1764984118,Reaper_1,S,1,31,39,10,621,46,alive,150,-1,-1,0
1764984118,Reaper_1,S,1,31,37,6,618,52,alive,362,-1,-1,0
1764984118,Reaper_1,S,1,22,25,6,409,22,alive,562,-1,-1,0
1764984118,Reaper_1,S,1,23,29,4,491,82,alive,362,-1,-1,0
1764984118,Reaper_1,S,0,8,11,2,183,98,railgun from Rat_4,15,8,8,0
1764984118,Reaper_1,S,1,8,9,1,153,27,alive,241,-1,-1,0
1764984118,Reaper_1,S,1,15,17,4,294,0,alive,425,-1,-1,0
1764984118,Reaper_1,S,1,26,26,10,399,94,alive,437,-1,-1,0
1764984118,Reaper_1,S,1,36,45,6,758,0,alive,440,-1,-1,0
1764984118,Reaper_1,S,1,23,27,6,428,0,alive,416,-1,-1,0
1764984118,Reaper_1,S,1,38,54,11,889,0,alive,140,-1,-1,0
1764984118,Reaper_1,S,1,25,30,6,488,24,alive,418,-1,-1,0
1764984118,Reaper_1,S,1,22,29,4,478,42,alive,368,-1,-1,0
1764984118,Reaper_1,S,1,30,37,8,623,61,alive,234,-1,-1,0
1764984118,Reaper_1,S,1,34,46,11,794,47,alive,403,-1,-1,0
1764984118,Reaper_1,S,1,32,37,8,623,50,alive,418,-1,-1,0
1764984118,Reaper_1,S,0,12,25,6,419,103,collision with Hammer_1,26,3,1,0
1764984118,Reaper_1,S,0,8,11,2,182,93,railgun from Rat_5,11,6,11,0
1764984118,Reaper_1,S,1,30,33,8,561,60,alive,149,-1,-1,0
1764984118,Reaper_1,S,0,19,28,8,444,97,collision with Flame_4,92,19,9,0
1764984118,Reaper_1,S,0,7,11,0,177,103,collision with Hammer_5,38,17,19,0
1764984118,Reaper_1,S,1,15,18,8,283,34,alive,349,-1,-1,0
1764984119,Reaper_1,S,1,23,26,8,416,65,alive,266,-1,-1,0
1764984119,Reaper_1,S,1,17,20,5,329,83,alive,138,-1,-1,0
1764984119,Reaper_1,S,0,3,3,0,48,104,collision with Rat_4,8,7,15,0
1764984119,Reaper_1,S,1,23,25,10,382,52,alive,115,-1,-1,0
1764984119,Reaper_1,S,1,22,27,6,466,7,alive,366,-1,-1,0
1764984119,Reaper_1,S,1,30,36,8,626,38,alive,154,-1,-1,0
1764984119,Reaper_1,S,1,42,62,13,1052,20,alive,339,-1,-1,0
1764984119,Reaper_1,S,1,22,23,4,408,56,alive,528,-1,-1,0
1764984119,Reaper_1,S,0,9,11,1,188,102,collision with Flame_3,19,10,11,0
1764984119,Reaper_1,S,1,13,15,6,218,96,alive,461,-1,-1,0
1764984119,Reaper_1,S,1,19,28,6,492,56,alive,390,-1,-1,0
1764984119,Reaper_1,S,1,23,27,6,453,63,alive,308,-1,-1,0
1764984119,Reaper_1,S,0,1,1,0,16,95,collision with Hammer_3,6,1,2,0
1764984119,Reaper_1,S,1,23,31,9,481,55,alive,319,-1,-1,0
1764984119,Reaper_1,S,1,23,25,7,393,20,alive,282,-1,-1,0
1764984119,Reaper_1,S,1,36,36,10,600,32,alive,224,-1,-1,0
1764984119,Reaper_1,S,1,36,37,10,604,52,alive,402,-1,-1,0
1764984119,Reaper_1,S,1,19,19,4,293,17,alive,446,-1,-1,0
1764984119,Reaper_1,S,0,14,15,2,260,101,collision with Flame_6,31,9,11,0
1764984119,Reaper_1,S,1,33,50,11,860,0,alive,297,-1,-1,0
1764984119,Reaper_1,S,0,9,11,0,193,92,collision with Hammer_5,17,1,19,0
1764984119,Reaper_1,S,1,18,23,6,383,45,alive,337,-1,-1,0
1764984119,Reaper_1,S,1,24,24,9,388,15,alive,283,-1,-1,0
1764984119,Reaper_1,S,1,19,29,9,502,0,alive,85,-1,-1,0
1764984119,Reaper_1,S,0,9,14,2,226,104,collision with Hammer_3,24,19,17,0
1764984119,Reaper_1,S,1,27,35,10,585,24,alive,102,-1,-1,0
1764984119,Reaper_1,S,0,8,11,2,196,99,flame,25,6,4,0
1764984119,Reaper_1,S,1,38,39,9,613,28,alive,317,-1,-1,0
1764984119,Reaper_1,S,1,18,34,10,557,58,alive,284,-1,-1,0
1764984119,Reaper_1,S,0,5,6,0,100,99,railgun from Rat_1,4,15,5,0
1764984119,Reaper_1,S,0,2,2,0,31,100,railgun from Rat_5,12,3,16,0
1764984119,Reaper_1,S,1,25,29,7,485,90,alive,321,-1,-1,0
1764984119,Reaper_1,S,0,0,0,0,0,99,railgun from Rat_5,3,1,18,0
1764984119,Reaper_1,S,1,30,41,10,668,16,alive,369,-1,-1,0
1764984119,Reaper_1,S,0,6,8,1,123,96,railgun from Rat_4,7,13,8,0
1764984119,Reaper_1,S,1,30,34,9,577,40,alive,232,-1,-1,0
1764984119,Reaper_1,S,0,4,5,0,83,98,railgun from Rat_4,7,18,8,0
1764984119,Reaper_1,S,0,22,29,8,484,89,flame,66,13,4,0
1764984119,Reaper_1,S,1,18,19,3,338,43,alive,268,-1,-1,0
1764984120,Reaper_1,S,1,17,18,7,261,35,alive,368,-1,-1,0
1764984120,Reaper_1,S,1,27,28,7,450,10,alive,240,-1,-1,0
1764984120,Reaper_1,S,1,11,13,3,228,8,alive,330,-1,-1,0
1764984120,Reaper_1,S,1,29,34,8,555,42,alive,496,-1,-1,0
1764984120,Reaper_1,S,1,33,42,10,678,10,alive,470,-1,-1,0
1764984120,Reaper_1,S,1,31,37,7,599,36,alive,376,-1,-1,0
1764984120,Reaper_1,S,0,15,19,6,301,104,collision with Flame_5,159,7,15,0
1764984120,Reaper_1,S,1,19,20,6,328,76,alive,229,-1,-1,0
1764984120,Reaper_1,S,1,25,27,6,426,6,alive,455,-1,-1,0
1764984120,Reaper_1,S,1,20,22,7,340,5,alive,214,-1,-1,0
1764984120,Reaper_1,S,1,19,22,7,387,17,alive,327,-1,-1,0
1764984120,Reaper_1,S,0,2,3,1,46,98,railgun from Rat_3,10,1,17,0
1764984120,Reaper_1,S,1,35,41,11,657,34,alive,323,-1,-1,0
1764984120,Reaper_1,S,1,12,12,4,189,11,alive,295,-1,-1,0
1764984120,Reaper_1,S,0,13,17,0,301,100,railgun from Rat_1,16,14,13,0
1764984120,Reaper_1,S,1,24,29,4,497,73,alive,350,-1,-1,0
1764984120,Reaper_1,S,1,10,10,1,168,0,alive,268,-1,-1,0
1764984120,Reaper_1,S,1,17,18,5,292,0,alive,404,-1,-1,0
1764984120,Reaper_1,S,0,3,9,0,161,101,collision with Rat_2,6,0,6,0
1764984120,Reaper_1,S,1,13,14,3,223,64,alive,367,-1,-1,0
1764984120,Reaper_1,S,1,23,27,10,453,10,alive,351,-1,-1,0
1764984120,Reaper_1,S,1,19,19,6,311,63,alive,295,-1,-1,0
1764984120,Reaper_1,S,1,27,31,5,538,57,alive,421,-1,-1,0
1764984120,Reaper_1,S,1,16,16,3,264,30,alive,363,-1,-1,0
1764984120,Reaper_1,S,0,22,26,5,437,100,flame,92,13,4,0
1764984120,Reaper_1,S,1,11,11,2,189,30,alive,518,-1,-1,0
1764984120,Reaper_1,S,1,31,35,8,590,17,alive,244,-1,-1,0
1764984120,Reaper_1,S,1,19,27,5,429,21,alive,337,-1,-1,0
1764984120,Reaper_1,S,0,3,3,0,48,99,railgun from Rat_6,4,16,14,0
1764984120,Reaper_1,S,1,26,29,5,504,39,alive,495,-1,-1,0
1764984120,Reaper_1,S,1,15,15,4,246,63,alive,294,-1,-1,0
1764984120,Reaper_1,S,1,32,38,8,631,53,alive,386,-1,-1,0
1764984120,Reaper_1,S,0,13,17,4,288,93,flame,34,13,4,0
1764984121,Reaper_1,S,1,39,45,9,775,45,alive,257,-1,-1,0
1764984121,Reaper_1,S,1,31,34,9,512,51,alive,140,-1,-1,0
1764984121,Reaper_1,S,1,25,28,9,447,94,alive,339,-1,-1,0
1764984121,Reaper_1,S,0,26,47,10,782,100,flame,242,13,13,0
1764984121,Reaper_1,S,1,22,22,4,374,67,alive,296,-1,-1,0
1764984121,Reaper_1,S,1,19,25,6,429,27,alive,305,-1,-1,0
1764984121,Reaper_1,S,1,23,29,4,487,17,alive,344,-1,-1,0
1764984121,Reaper_1,S,0,10,19,5,333,95,collision with Hammer_8,30,13,5,0
1764984121,Reaper_1,S,0,12,13,1,238,104,collision with Flame_4,27,10,4,0
1764984121,Reaper_1,S,0,8,9,0,162,94,collision with Flame_4,23,1,16,0
1764984121,Reaper_1,S,1,34,46,11,796,78,alive,154,-1,-1,0
1764984121,Reaper_1,S,1,31,43,7,744,12,alive,335,-1,-1,0
1764984121,Reaper_1,S,1,23,28,9,432,44,alive,505,-1,-1,0
1764984121,Reaper_1,S,1,19,21,7,327,0,alive,407,-1,-1,0
1764984121,Reaper_1,S,1,8,9,0,161,17,alive,338,-1,-1,0
1764984121,Reaper_1,S,1,22,25,8,404,94,alive,154,-1,-1,0
1764984121,Reaper_1,S,0,5,8,0,131,95,railgun from Rat_4,4,7,13,0
1764984121,Reaper_1,S,1,36,42,9,711,5,alive,511,-1,-1,0
1764984121,Reaper_1,S,1,27,31,8,527,62,alive,665,-1,-1,0
1764984121,Reaper_1,S,0,4,6,1,103,96,railgun from Rat_4,8,15,7,0
1764984121,Reaper_1,S,1,15,15,4,248,0,alive,335,-1,-1,0
1764984121,Reaper_1,S,1,28,33,8,559,59,alive,304,-1,-1,0
1764984121,Reaper_1,S,1,27,38,9,620,5,alive,389,-1,-1,0
1764984121,Reaper_1,S,0,0,0,0,0,100,railgun from Rat_7,4,1,5,0
1764984121,Reaper_1,S,1,18,22,5,367,0,alive,404,-1,-1,0
1764984121,Reaper_1,S,0,12,16,1,285,100,railgun from Rat_2,17,16,8,0
1764984121,Reaper_1,S,1,31,38,9,660,80,alive,440,-1,-1,0
1764984121,Reaper_1,S,1,15,17,4,288,3,alive,437,-1,-1,0
1764984121,Reaper_1,S,1,26,29,6,467,57,alive,333,-1,-1,0
1764984121,Reaper_1,S,1,27,31,8,519,44,alive,366,-1,-1,0
1764984121,Reaper_1,S,0,6,8,0,138,100,railgun from Rat_1,21,8,17,0
1764984121,Reaper_1,S,1,32,42,8,714,25,alive,282,-1,-1,0
1764984121,Reaper_1,S,1,30,33,9,561,46,alive,111,-1,-1,0
1764984121,Reaper_1,S,0,3,3,0,48,96,railgun from Rat_3,5,15,3,0
1764984121,Reaper_1,S,1,16,17,5,285,38,alive,511,-1,-1,0
1764984122,Reaper_1,S,1,10,11,0,193,15,alive,491,-1,-1,0
1764984122,Reaper_1,S,1,12,18,6,273,25,alive,330,-1,-1,0
1764984122,Reaper_1,S,1,15,18,8,328,7,alive,178,-1,-1,0
1764984122,Reaper_1,S,1,26,29,6,508,33,alive,354,-1,-1,0
1764984122,Reaper_1,S,1,31,37,7,611,7,alive,338,-1,-1,0
1764984122,Reaper_1,S,1,28,29,6,491,42,alive,143,-1,-1,0
1764984122,Reaper_1,S,1,19,20,4,332,7,alive,365,-1,-1,0
1764984122,Reaper_1,S,1,24,26,7,449,69,alive,294,-1,-1,0
1764984122,Reaper_1,S,1,24,29,9,429,17,alive,416,-1,-1,0
1764984122,Reaper_1,S,1,15,17,3,309,38,alive,329,-1,-1,0
1764984122,Reaper_1,S,1,23,33,8,560,46,alive,240,-1,-1,0
1764984122,Reaper_1,S,1,24,27,6,420,0,alive,208,-1,-1,0
1764984122,Reaper_1,S,1,19,20,6,327,32,alive,295,-1,-1,0
1764984122,Reaper_1,S,0,10,11,5,169,100,flame,113,6,4,0
1764984122,Reaper_1,S,1,22,29,4,506,10,alive,393,-1,-1,0
1764984122,Reaper_1,S,1,28,30,8,482,10,alive,389,-1,-1,0
1764984122,Reaper_1,S,1,18,20,6,329,35,alive,225,-1,-1,0
1764984122,Reaper_1,S,1,32,33,10,512,51,alive,510,-1,-1,0
1764984122,Reaper_1,S,0,2,3,0,52,100,railgun from Rat_7,2,0,8,0
1764984122,Reaper_1,S,1,29,31,8,472,35,alive,311,-1,-1,0
1764984122,Reaper_1,S,1,20,23,6,387,47,alive,360,-1,-1,0
1764984122,Reaper_1,S,1,34,37,8,597,50,alive,125,-1,-1,0
1764984122,Reaper_1,S,1,17,19,4,316,38,alive,406,-1,-1,0
1764984122,Reaper_1,S,1,25,28,5,469,35,alive,113,-1,-1,0
1764984122,Reaper_1,S,1,26,28,7,467,76,alive,357,-1,-1,0
1764984122,Reaper_1,S,1,23,24,6,382,34,alive,336,-1,-1,0
1764984122,Reaper_1,S,1,18,21,6,357,30,alive,359,-1,-1,0
1764984122,Reaper_1,S,1,5,5,1,84,35,alive,282,-1,-1,0
1764984122,Reaper_1,S,0,11,18,2,305,103,collision with Hammer_2,20,18,7,0
1764984122,Reaper_1,S,1,24,28,7,428,20,alive,316,-1,-1,0
1764984122,Reaper_1,S,1,30,33,7,570,20,alive,436,-1,-1,0
1764984122,Reaper_1,S,1,41,43,10,721,34,alive,392,-1,-1,0
1764984122,Reaper_1,S,0,33,40,8,662,94,flamethrower from Flame_1,111,11,11,0
1764984122,Reaper_1,S,1,29,30,5,527,25,alive,640,-1,-1,0
1764984122,Reaper_1,S,1,27,28,7,476,77,alive,339,-1,-1,0
1764984122,Reaper_1,S,1,23,24,4,417,84,alive,419,-1,-1,0
1764984123,Reaper_1,S,1,10,10,5,148,17,alive,351,-1,-1,0
1764984123,Reaper_1,S,1,30,31,9,494,67,alive,493,-1,-1,0
1764984123,Reaper_1,S,1,21,23,5,360,20,alive,401,-1,-1,0
1764984123,Reaper_1,S,1,29,39,10,657,18,alive,181,-1,-1,0
1764984123,Reaper_1,S,1,21,22,6,357,54,alive,155,-1,-1,0
1764984123,Reaper_1,S,1,31,34,8,552,66,alive,401,-1,-1,0
1764984123,Reaper_1,S,1,33,36,9,583,96,alive,320,-1,-1,0
1764984123,Reaper_1,S,0,6,6,1,96,102,collision with Rat_1,9,15,7,0
1764984123,Reaper_1,S,1,15,16,5,262,74,alive,419,-1,-1,0
1764984123,Reaper_1,S,1,26,31,7,515,26,alive,489,-1,-1,0
1764984123,Reaper_1,S,1,37,39,8,635,5,alive,341,-1,-1,0
1764984123,Reaper_1,S,1,25,29,10,428,54,alive,328,-1,-1,0
1764984123,Reaper_1,S,1,24,31,10,514,54,alive,187,-1,-1,0
1764984123,Reaper_1,S,1,32,39,8,664,19,alive,497,-1,-1,0
1764984123,Reaper_1,S,1,21,23,7,380,0,alive,141,-1,-1,0
1764984123,Reaper_1,S,0,12,12,3,210,99,collision with Hammer_5,73,4,6,0
1764984123,Reaper_1,S,1,28,35,9,567,49,alive,345,-1,-1,0
1764984123,Reaper_1,S,1,22,25,8,426,54,alive,496,-1,-1,0
1764984123,Reaper_1,S,1,16,21,5,335,18,alive,319,-1,-1,0
1764984123,Reaper_1,S,1,9,9,4,140,19,alive,416,-1,-1,0
1764984123,Reaper_1,S,1,17,18,3,316,14,alive,256,-1,-1,0
1764984123,Reaper_1,S,1,21,29,4,498,33,alive,433,-1,-1,0
1764984123,Reaper_1,S,1,32,36,9,591,5,alive,469,-1,-1,0
1764984123,Reaper_1,S,1,17,22,8,334,20,alive,375,-1,-1,0
1764984123,Reaper_1,S,1,21,28,7,439,0,alive,337,-1,-1,0
1764984123,Reaper_1,S,1,26,33,10,549,79,alive,328,-1,-1,0
1764984123,Reaper_1,S,1,48,59,13,995,34,alive,364,-1,-1,0
1764984123,Reaper_1,S,1,17,20,4,338,0,alive,372,-1,-1,0
1764984123,Reaper_1,S,1,23,31,6,523,19,alive,214,-1,-1,0
1764984123,Reaper_1,S,1,19,25,7,395,45,alive,167,-1,-1,0
1764984123,Reaper_1,S,1,11,11,5,164,61,alive,261,-1,-1,0
1764984123,Reaper_1,S,1,38,41,11,658,17,alive,288,-1,-1,0
1764984123,Reaper_1,S,1,25,26,8,436,44,alive,331,-1,-1,0
1764984123,Reaper_1,S,1,21,22,6,384,95,alive,818,-1,-1,0
1764984124,Reaper_1,S,1,28,33,8,532,14,alive,199,-1,-1,0
1764984124,Reaper_1,S,1,17,20,7,305,59,alive,293,-1,-1,0
1764984124,Reaper_1,S,1,18,20,5,332,24,alive,400,-1,-1,0
1764984124,Reaper_1,S,1,12,13,4,194,42,alive,88,-1,-1,0
1764984124,Reaper_1,S,1,19,20,3,360,11,alive,325,-1,-1,0
1764984124,Reaper_1,S,0,1,3,1,53,98,railgun from Rat_7,3,2,1,0
1764984124,Reaper_1,S,1,36,47,9,779,0,alive,366,-1,-1,0
1764984124,Reaper_1,S,1,16,17,5,258,74,alive,573,-1,-1,0
1764984124,Reaper_1,S,1,17,20,7,313,0,alive,597,-1,-1,0
1764984124,Reaper_1,S,1,19,22,8,343,5,alive,114,-1,-1,0
1764984124,Reaper_1,S,1,21,23,8,382,62,alive,288,-1,-1,0
1764984124,Reaper_1,S,0,3,5,0,87,100,railgun from Rat_7,7,0,9,0
1764984124,Reaper_1,S,1,15,20,4,324,13,alive,386,-1,-1,0
1764984124,Reaper_1,S,1,31,47,9,816,10,alive,389,-1,-1,0
1764984124,Reaper_1,S,0,30,40,9,670,101,collision with Flame_5,166,1,2,0
1764984124,Reaper_1,S,1,16,20,4,333,44,alive,326,-1,-1,0
1764984124,Reaper_1,S,1,14,23,3,379,33,alive,356,-1,-1,0
1764984124,Reaper_1,S,1,10,11,1,181,0,alive,445,-1,-1,0
1764984124,Reaper_1,S,1,34,36,6,618,69,alive,333,-1,-1,0
1764984124,Reaper_1,S,1,23,29,8,475,33,alive,337,-1,-1,0
1764984124,Reaper_1,S,1,18,21,4,343,16,alive,198,-1,-1,0
1764984124,Reaper_1,S,1,22,28,5,468,36,alive,303,-1,-1,0
1764984124,Reaper_1,S,1,25,25,7,421,68,alive,452,-1,-1,0
1764984124,Reaper_1,S,1,24,25,7,419,84,alive,120,-1,-1,0
1764984124,Reaper_1,S,1,20,20,5,337,5,alive,322,-1,-1,0
1764984124,Reaper_1,S,1,36,44,10,762,36,alive,224,-1,-1,0
1764984124,Reaper_1,S,1,20,21,5,334,38,alive,403,-1,-1,0
1764984124,Reaper_1,S,0,2,2,0,34,100,railgun from Rat_6,6,6,18,0
1764984124,Reaper_1,S,1,15,18,5,313,15,alive,243,-1,-1,0
1764984124,Reaper_1,S,0,37,43,9,712,94,flame,102,13,13,0
1764984124,Reaper_1,S,1,13,17,3,305,21,alive,262,-1,-1,0
1764984124,Reaper_1,S,1,10,14,7,191,12,alive,388,-1,-1,0
1764984124,Reaper_1,S,1,23,30,8,472,28,alive,464,-1,-1,0
1764984124,Reaper_1,S,1,22,25,8,426,27,alive,190,-1,-1,0
1764984124,Reaper_1,S,1,14,14,4,217,92,alive,321,-1,-1,0
1764984124,Reaper_1,S,0,0,0,0,0,98,railgun from Rat_2,3,0,8,0
1764984124,Reaper_1,S,1,26,37,9,613,56,alive,443,-1,-1,0
1764984125,Reaper_1,S,1,22,29,7,524,59,alive,393,-1,-1,0
1764984125,Reaper_1,S,0,5,6,0,105,100,railgun from Rat_6,5,1,11,0
1764984125,Reaper_1,S,1,21,34,7,585,49,alive,412,-1,-1,0
1764984125,Reaper_1,S,0,8,9,1,162,100,flamethrower from Flame_2,18,11,1,0
1764984125,Reaper_1,S,0,4,4,0,64,100,railgun from Rat_4,14,7,19,0
1764984125,Reaper_1,S,1,19,21,6,346,10,alive,452,-1,-1,0
1764984125,Reaper_1,S,1,29,36,10,619,27,alive,196,-1,-1,0
1764984125,Reaper_1,S,1,28,38,11,657,87,alive,342,-1,-1,0
1764984125,Reaper_1,S,0,0,0,0,0,97,railgun from Rat_2,2,0,4,0
1764984125,Reaper_1,S,1,10,10,2,167,35,alive,324,-1,-1,0
1764984125,Reaper_1,S,1,27,40,6,662,87,alive,422,-1,-1,0
1764984125,Reaper_1,S,1,32,34,8,576,6,alive,383,-1,-1,0
1764984125,Reaper_1,S,1,36,37,9,611,24,alive,153,-1,-1,0
1764984125,Reaper_1,S,1,33,40,10,665,62,alive,173,-1,-1,0
1764984125,Reaper_1,S,1,14,15,4,242,30,alive,490,-1,-1,0
1764984125,Reaper_1,S,1,21,24,8,404,65,alive,334,-1,-1,0
1764984125,Reaper_1,S,1,10,11,3,192,17,alive,300,-1,-1,0
1764984125,Reaper_1,S,1,21,22,8,333,54,alive,397,-1,-1,0
1764984125,Reaper_1,S,1,25,27,6,443,46,alive,446,-1,-1,0
1764984125,Reaper_1,S,1,6,8,1,131,47,alive,314,-1,-1,0
1764984125,Reaper_1,S,1,28,34,7,550,17,alive,312,-1,-1,0
1764984125,Reaper_1,S,1,15,15,3,253,17,alive,274,-1,-1,0
1764984125,Reaper_1,S,0,15,21,5,351,100,railgun from Rat_3,54,14,15,0
1764984125,Reaper_1,S,1,15,17,5,257,25,alive,411,-1,-1,0
1764984125,Reaper_1,S,1,30,43,7,722,62,alive,331,-1,-1,0
1764984125,Reaper_1,S,1,28,37,11,611,64,alive,391,-1,-1,0
1764984125,Reaper_1,S,0,1,1,0,15,103,collision with Rat_3,6,17,13,0
1764984125,Reaper_1,S,0,7,8,0,137,93,collision with Flame_3,17,19,17,0
1764984125,Reaper_1,S,0,8,12,1,195,104,railgun from Rat_3,15,19,9,0
1764984125,Reaper_1,S,1,26,26,9,422,0,alive,620,-1,-1,0
1764984125,Reaper_1,S,1,28,33,9,517,0,alive,332,-1,-1,0
1764984125,Reaper_1,S,1,31,35,8,595,63,alive,169,-1,-1,0
1764984125,Reaper_1,S,1,17,23,6,369,45,alive,396,-1,-1,0
1764984126,Reaper_1,S,1,26,32,7,530,46,alive,360,-1,-1,0
1764984126,Reaper_1,S,1,11,11,2,191,87,alive,293,-1,-1,0
1764984126,Reaper_1,S,1,15,19,3,316,64,alive,394,-1,-1,0
1764984126,Reaper_1,S,1,21,24,7,411,56,alive,334,-1,-1,0
1764984126,Reaper_1,S,1,28,34,7,589,5,alive,364,-1,-1,0
1764984126,Reaper_1,S,1,21,22,9,335,83,alive,371,-1,-1,0
1764984126,Reaper_1,S,1,20,27,7,430,35,alive,522,-1,-1,0
1764984126,Reaper_1,S,1,18,19,6,303,88,alive,357,-1,-1,0
1764984126,Reaper_1,S,0,11,16,3,273,96,flame,18,13,4,0
1764984126,Reaper_1,S,1,16,22,2,366,10,alive,310,-1,-1,0
1764984126,Reaper_1,S,0,4,5,0,92,97,hammer from Hammer_1,16,1,10,0
1764984126,Reaper_1,S,1,12,13,3,197,54,alive,592,-1,-1,0
1764984126,Reaper_1,S,1,26,29,9,467,17,alive,253,-1,-1,0
1764984126,Reaper_1,S,0,5,10,1,165,96,railgun from Rat_4,8,6,11,0
1764984126,Reaper_1,S,1,33,42,11,679,6,alive,290,-1,-1,0
1764984126,Reaper_1,S,0,9,11,1,190,98,railgun from Rat_7,13,12,10,0
1764984126,Reaper_1,S,0,8,9,1,145,98,railgun from Rat_1,14,11,14,0
1764984126,Reaper_1,S,1,25,26,7,430,6,alive,280,-1,-1,0
1764984126,Reaper_1,S,0,17,19,5,306,100,flame,123,6,13,0
1764984126,Reaper_1,S,0,10,12,3,193,100,railgun from Rat_1,43,18,0,0
1764984126,Reaper_1,S,1,35,46,12,761,30,alive,349,-1,-1,0
1764984126,Reaper_1,S,1,16,29,6,504,48,alive,262,-1,-1,0
1764984126,Reaper_1,S,1,9,12,1,202,24,alive,307,-1,-1,0
1764984126,Reaper_1,S,1,20,22,7,364,34,alive,432,-1,-1,0
1764984126,Reaper_1,S,0,16,18,4,292,98,collision with Hammer_3,76,0,7,0
1764984126,Reaper_1,S,1,25,31,7,496,23,alive,281,-1,-1,0
1764984126,Reaper_1,S,1,23,25,4,405,9,alive,395,-1,-1,0
1764984126,Reaper_1,S,1,34,37,12,612,60,alive,146,-1,-1,0
1764984126,Reaper_1,S,1,24,24,7,418,33,alive,168,-1,-1,0
1764984126,Reaper_1,S,1,15,16,7,222,6,alive,162,-1,-1,0
1764984126,Reaper_1,S,0,8,11,1,181,100,railgun from Rat_3,18,17,19,0
1764984126,Reaper_1,S,1,11,12,5,176,38,alive,362,-1,-1,0
1764984126,Reaper_1,S,1,15,24,7,411,0,alive,77,-1,-1,0
1764984126,Reaper_1,S,1,19,21,5,351,48,alive,328,-1,-1,0
1764984126,Reaper_1,S,0,3,4,0,75,99,collision with Rat_7,7,0,2,0
1764984127,Reaper_1,S,1,17,23,7,360,7,alive,283,-1,-1,0
1764984127,Reaper_1,S,1,25,38,7,660,48,alive,371,-1,-1,0
1764984127,Reaper_1,S,1,29,31,7,502,15,alive,618,-1,-1,0
1764984127,Reaper_1,S,0,11,13,3,214,90,railgun from Rat_1,16,8,7,0
1764984127,Reaper_1,S,1,17,26,5,430,0,alive,642,-1,-1,0
1764984127,Reaper_1,S,1,28,33,9,546,17,alive,352,-1,-1,0
1764984127,Reaper_1,S,0,6,6,1,97,100,railgun from Rat_6,30,14,6,0
1764984127,Reaper_1,S,1,9,11,2,160,27,alive,274,-1,-1,0
1764984127,Reaper_1,S,1,15,30,11,472,16,alive,97,-1,-1,0
1764984127,Reaper_1,S,1,32,34,11,533,60,alive,157,-1,-1,0
1764984127,Reaper_1,S,1,22,23,6,389,71,alive,296,-1,-1,0
1764984127,Reaper_1,S,1,30,44,10,717,19,alive,354,-1,-1,0
1764984127,Reaper_1,S,0,1,1,0,15,103,railgun from Rat_2,17,3,4,0
1764984127,Reaper_1,S,1,22,27,6,440,33,alive,384,-1,-1,0
1764984127,Reaper_1,S,1,26,34,9,570,6,alive,295,-1,-1,0
1764984127,Reaper_1,S,1,16,18,6,292,75,alive,310,-1,-1,0
1764984127,Reaper_1,S,1,27,37,7,605,29,alive,151,-1,-1,0
1764984127,Reaper_1,S,0,4,4,0,70,104,collision with Hammer_5,20,13,14,0
1764984127,Reaper_1,S,1,27,27,5,453,11,alive,529,-1,-1,0
1764984127,Reaper_1,S,1,24,30,9,475,44,alive,403,-1,-1,0
1764984127,Reaper_1,S,1,19,22,9,294,46,alive,431,-1,-1,0
1764984127,Reaper_1,S,1,18,19,4,309,23,alive,313,-1,-1,0
1764984127,Reaper_1,S,1,22,26,7,415,26,alive,355,-1,-1,0
1764984127,Reaper_1,S,1,46,51,9,853,1,alive,342,-1,-1,0
1764984127,Reaper_1,S,1,27,28,6,477,70,alive,610,-1,-1,0
1764984127,Reaper_1,S,0,18,19,3,313,95,collision with Flame_8,53,18,18,0
1764984127,Reaper_1,S,0,3,4,0,68,99,railgun from Rat_5,8,7,2,0
1764984127,Reaper_1,S,0,5,5,0,87,100,collision with Flame_5,12,7,11,0
1764984127,Reaper_1,S,1,26,32,5,541,5,alive,357,-1,-1,0
1764984127,Reaper_1,S,0,6,9,1,149,98,railgun from Rat_7,18,1,10,0
1764984127,Reaper_1,S,1,21,27,7,416,35,alive,395,-1,-1,0
1764984127,Reaper_1,S,0,4,5,1,92,95,collision with Flame_3,41,1,15,0
1764984127,Reaper_1,S,0,7,7,0,120,96,railgun from Rat_6,16,4,9,0
1764984127,Reaper_1,S,1,28,39,10,670,5,alive,422,-1,-1,0
1764984128,Reaper_1,S,1,33,34,9,522,12,alive,199,-1,-1,0
1764984128,Reaper_1,S,0,4,5,1,77,100,flame,6,13,4,0
1764984128,Reaper_1,S,1,25,30,9,497,26,alive,344,-1,-1,0
1764984128,Reaper_1,S,1,13,14,4,219,91,alive,433,-1,-1,0
1764984128,Reaper_1,S,1,39,54,12,884,27,alive,202,-1,-1,0
1764984128,Reaper_1,S,1,27,28,8,455,63,alive,404,-1,-1,0
1764984128,Reaper_1,S,1,25,28,5,489,70,alive,247,-1,-1,0
1764984128,Reaper_1,S,1,27,34,7,565,29,alive,364,-1,-1,0
1764984128,Reaper_1,S,0,16,18,5,298,100,collision with Hammer_1,455,14,6,0
1764984128,Reaper_1,S,1,5,5,2,85,74,alive,370,-1,-1,0
1764984128,Reaper_1,S,0,24,24,3,411,104,collision with Flame_4,80,9,12,0
1764984128,Reaper_1,S,1,27,28,7,465,32,alive,351,-1,-1,0
1764984128,Reaper_1,S,1,13,20,2,347,10,alive,469,-1,-1,0
1764984128,Reaper_1,S,1,16,21,8,341,17,alive,218,-1,-1,0
1764984128,Reaper_1,S,0,21,22,5,351,96,collision with Flame_6,131,7,14,0
1764984128,Reaper_1,S,1,18,20,7,309,46,alive,117,-1,-1,0
1764984128,Reaper_1,S,1,27,36,6,595,5,alive,390,-1,-1,0
1764984128,Reaper_1,S,1,24,27,8,439,45,alive,372,-1,-1,0
1764984128,Reaper_1,S,0,4,9,1,155,100,railgun from Rat_5,6,1,0,0
1764984128,Reaper_1,S,0,2,2,0,33,103,collision with Rat_4,7,15,18,0
1764984128,Reaper_1,S,1,40,52,12,842,83,alive,174,-1,-1,0
1764984128,Reaper_1,S,1,22,24,6,399,35,alive,199,-1,-1,0
1764984128,Reaper_1,S,1,14,15,3,249,72,alive,289,-1,-1,0
1764984128,Reaper_1,S,0,4,4,0,69,102,collision with Hammer_1,14,9,3,0
1764984128,Reaper_1,S,1,26,26,7,424,66,alive,370,-1,-1,0
1764984128,Reaper_1,S,1,17,18,4,291,0,alive,413,-1,-1,0
1764984128,Reaper_1,S,1,19,21,5,324,54,alive,404,-1,-1,0
1764984128,Reaper_1,S,1,15,17,6,281,33,alive,288,-1,-1,0
1764984128,Reaper_1,S,1,24,26,7,434,6,alive,322,-1,-1,0
1764984128,Reaper_1,S,0,14,17,4,291,99,flame,42,6,4,0
1764984128,Reaper_1,S,1,24,25,7,408,32,alive,337,-1,-1,0
1764984128,Reaper_1,S,1,27,36,12,577,27,alive,401,-1,-1,0
1764984128,Reaper_1,S,1,24,25,7,392,74,alive,263,-1,-1,0
1764984128,Reaper_1,S,1,21,27,8,462,48,alive,489,-1,-1,0
1764984129,Reaper_1,S,0,3,4,0,66,100,railgun from Rat_1,8,17,1,0
1764984129,Reaper_1,S,1,31,32,9,511,80,alive,318,-1,-1,0
1764984129,Reaper_1,S,1,35,37,8,637,48,alive,194,-1,-1,0
1764984129,Reaper_1,S,1,18,22,4,378,0,alive,342,-1,-1,0
1764984129,Reaper_1,S,0,18,19,7,310,100,collision with Flame_3,110,0,17,0
1764984129,Reaper_1,S,0,4,4,2,61,101,collision with Flame_6,35,13,16,0
1764984129,Reaper_1,S,1,39,42,8,707,20,alive,197,-1,-1,0
1764984129,Reaper_1,S,1,17,18,4,310,10,alive,338,-1,-1,0
1764984129,Reaper_1,S,1,25,25,6,409,17,alive,356,-1,-1,0
1764984129,Reaper_1,S,0,14,23,3,383,100,collision with Hammer_6,33,18,8,0
1764984129,Reaper_1,S,1,28,34,9,544,86,alive,249,-1,-1,0
1764984129,Reaper_1,S,1,22,30,8,486,86,alive,113,-1,-1,0
1764984129,Reaper_1,S,1,24,24,7,403,62,alive,426,-1,-1,0
1764984129,Reaper_1,S,1,15,16,4,254,35,alive,487,-1,-1,0
1764984129,Reaper_1,S,1,16,20,5,346,54,alive,278,-1,-1,0
1764984129,Reaper_1,S,1,17,18,7,303,0,alive,215,-1,-1,0
1764984129,Reaper_1,S,1,29,29,5,486,27,alive,368,-1,-1,0
1764984129,Reaper_1,S,1,34,42,9,688,15,alive,178,-1,-1,0
1764984129,Reaper_1,S,1,26,44,10,733,20,alive,379,-1,-1,0
1764984129,Reaper_1,S,0,3,3,0,56,95,railgun from Rat_7,6,1,14,0
1764984129,Reaper_1,S,1,13,14,2,234,0,alive,389,-1,-1,0
1764984129,Reaper_1,S,0,6,10,0,169,96,railgun from Rat_5,7,7,8,0
1764984129,Reaper_1,S,1,21,23,7,357,44,alive,448,-1,-1,0
1764984129,Reaper_1,S,1,15,15,5,209,74,alive,390,-1,-1,0
1764984129,Reaper_1,S,0,4,5,0,83,97,railgun from Rat_2,6,19,6,0
1764984129,Reaper_1,S,1,25,28,7,458,34,alive,282,-1,-1,0
1764984129,Reaper_1,S,1,21,31,8,501,52,alive,156,-1,-1,0
1764984129,Reaper_1,S,1,25,34,8,549,51,alive,339,-1,-1,0
1764984129,Reaper_1,S,1,18,19,5,316,67,alive,417,-1,-1,0
1764984129,Reaper_1,S,1,48,59,12,985,43,alive,570,-1,-1,0
1764984129,Reaper_1,S,1,16,24,7,380,94,alive,108,-1,-1,0
1764984129,Reaper_1,S,1,22,23,5,374,5,alive,343,-1,-1,0
1764984129,Reaper_1,S,1,36,38,10,632,49,alive,427,-1,-1,0
1764984129,Reaper_1,S,1,38,41,11,673,36,alive,334,-1,-1,0
1764984129,Reaper_1,S,1,33,38,7,617,15,alive,305,-1,-1,0
1764984129,Reaper_1,S,1,21,22,5,374,11,alive,365,-1,-1,0
1764984130,Reaper_1,S,1,25,27,7,450,20,alive,311,-1,-1,0
1764984130,Reaper_1,S,0,4,7,0,116,98,railgun from Rat_4,5,19,5,0
1764984130,Reaper_1,S,1,15,19,6,304,88,alive,279,-1,-1,0
1764984130,Reaper_1,S,1,29,35,12,550,42,alive,237,-1,-1,0
1764984130,Reaper_1,S,1,39,44,10,750,22,alive,142,-1,-1,0
1764984130,Reaper_1,S,1,32,47,9,786,43,alive,314,-1,-1,0
1764984130,Reaper_1,S,1,17,18,5,296,0,alive,526,-1,-1,0
1764984130,Reaper_1,S,0,3,4,0,71,100,railgun from Rat_6,8,4,4,0
1764984130,Reaper_1,S,0,4,4,0,71,100,railgun from Rat_5,3,2,8,0
1764984130,Reaper_1,S,1,22,27,7,465,34,alive,153,-1,-1,0
1764984130,Reaper_1,S,1,26,30,9,479,33,alive,290,-1,-1,0
1764984130,Reaper_1,S,1,20,23,7,339,11,alive,302,-1,-1,0
1764984130,Reaper_1,S,1,32,32,9,526,8,alive,346,-1,-1,0
1764984130,Reaper_1,S,0,8,16,3,262,100,railgun from Rat_4,26,15,18,0
1764984130,Reaper_1,S,0,14,17,1,297,94,collision with Flame_2,89,2,6,0
1764984130,Reaper_1,S,1,36,47,12,777,55,alive,220,-1,-1,0
1764984130,Reaper_1,S,1,32,36,10,592,19,alive,329,-1,-1,0
1764984130,Reaper_1,S,0,7,12,0,194,101,flamethrower from Flame_2,8,14,8,0
1764984130,Reaper_1,S,1,35,39,9,668,92,alive,286,-1,-1,0
1764984130,Reaper_1,S,1,29,32,7,551,15,alive,529,-1,-1,0
1764984130,Reaper_1,S,1,30,35,6,578,0,alive,430,-1,-1,0
1764984130,Reaper_1,S,1,27,29,7,481,14,alive,319,-1,-1,0
1764984130,Reaper_1,S,1,22,25,8,378,59,alive,242,-1,-1,0
1764984130,Reaper_1,S,0,12,20,6,346,96,collision with Flame_8,21,5,3,0
1764984130,Reaper_1,S,1,24,33,7,579,0,alive,358,-1,-1,0
1764984130,Reaper_1,S,1,19,21,7,333,45,alive,364,-1,-1,0
1764984130,Reaper_1,S,1,34,36,10,587,28,alive,159,-1,-1,0
1764984130,Reaper_1,S,1,32,33,7,555,80,alive,343,-1,-1,0
1764984130,Reaper_1,S,1,30,41,10,681,64,alive,312,-1,-1,0
1764984130,Reaper_1,S,1,31,31,6,523,18,alive,436,-1,-1,0
1764984130,Reaper_1,S,1,18,19,6,291,0,alive,328,-1,-1,0
1764984130,Reaper_1,S,1,40,51,12,834,23,alive,349,-1,-1,0
1764984130,Reaper_1,S,1,27,32,9,516,57,alive,200,-1,-1,0
1764984130,Reaper_1,S,1,19,21,5,355,30,alive,437,-1,-1,0
1764984130,Reaper_1,S,1,26,34,7,575,48,alive,232,-1,-1,0
1764984130,Reaper_1,S,1,28,31,9,489,90,alive,384,-1,-1,0
1764984130,Reaper_1,S,0,25,33,7,548,98,collision with Hammer_7,120,3,12,0
1764984131,Reaper_1,S,1,22,24,9,399,58,alive,310,-1,-1,0
1764984131,Reaper_1,S,1,28,31,10,482,34,alive,499,-1,-1,0
1764984131,Reaper_1,S,1,28,29,6,469,0,alive,436,-1,-1,0
1764984131,Reaper_1,S,1,7,10,1,151,55,alive,343,-1,-1,0
1764984131,Reaper_1,S,1,15,19,3,343,17,alive,521,-1,-1,0
1764984131,Reaper_1,S,1,16,19,5,300,27,alive,521,-1,-1,0
1764984131,Reaper_1,S,1,31,32,7,527,37,alive,236,-1,-1,0
1764984131,Reaper_1,S,1,28,35,7,579,25,alive,122,-1,-1,0
1764984131,Reaper_1,S,1,13,13,3,201,0,alive,356,-1,-1,0
1764984131,Reaper_1,S,1,25,30,8,520,34,alive,345,-1,-1,0
1764984131,Reaper_1,S,0,3,3,0,56,99,railgun from Rat_3,11,14,11,0
1764984131,Reaper_1,S,1,29,29,9,485,5,alive,390,-1,-1,0
1764984131,Reaper_1,S,1,12,13,3,204,34,alive,275,-1,-1,0
1764984131,Reaper_1,S,1,14,16,5,269,7,alive,292,-1,-1,0
1764984131,Reaper_1,S,0,5,6,0,105,92,collision with Rat_4,7,14,0,0
1764984131,Reaper_1,S,1,28,31,6,529,20,alive,336,-1,-1,0
1764984131,Reaper_1,S,1,33,47,8,776,9,alive,299,-1,-1,0
1764984131,Reaper_1,S,1,20,27,6,477,53,alive,276,-1,-1,0
1764984131,Reaper_1,S,1,28,31,8,539,70,alive,321,-1,-1,0
1764984131,Reaper_1,S,1,26,29,9,483,31,alive,171,-1,-1,0
1764984131,Reaper_1,S,1,13,15,2,247,10,alive,425,-1,-1,0
1764984131,Reaper_1,S,1,26,29,11,441,19,alive,307,-1,-1,0
1764984131,Reaper_1,S,1,35,39,9,656,10,alive,298,-1,-1,0
1764984131,Reaper_1,S,1,21,28,8,437,10,alive,335,-1,-1,0
1764984131,Reaper_1,S,0,14,15,3,235,90,collision with Flame_5,46,0,9,0
1764984131,Reaper_1,S,1,23,23,11,353,30,alive,330,-1,-1,0
1764984131,Reaper_1,S,1,19,20,5,317,45,alive,304,-1,-1,0
1764984131,Reaper_1,S,0,2,2,0,35,97,railgun from Rat_6,4,1,18,0
1764984131,Reaper_1,S,1,28,32,7,540,39,alive,368,-1,-1,0
1764984131,Reaper_1,S,1,26,33,8,542,19,alive,170,-1,-1,0
1764984131,Reaper_1,S,0,6,7,0,113,93,railgun from Rat_6,8,12,3,0
1764984131,Reaper_1,S,0,3,4,0,69,100,railgun from Rat_3,5,1,11,0
1764984131,Reaper_1,S,1,19,25,8,403,23,alive,414,-1,-1,0
1764984131,Reaper_1,S,1,20,22,5,394,35,alive,150,-1,-1,0
1764984131,Reaper_1,S,1,11,15,4,240,0,alive,346,-1,-1,0
1764984131,Reaper_1,S,1,32,33,10,510,50,alive,313,-1,-1,0
1764984131,Reaper_1,S,1,25,28,6,477,35,alive,342,-1,-1,0
1764984132,Reaper_1,S,0,0,0,0,0,95,railgun from Rat_6,8,4,18,0
1764984132,Reaper_1,S,1,33,38,8,645,20,alive,213,-1,-1,0
1764984132,Reaper_1,S,1,23,27,6,452,69,alive,89,-1,-1,0
1764984132,Reaper_1,S,1,21,22,6,374,31,alive,311,-1,-1,0
1764984132,Reaper_1,S,1,31,41,11,680,17,alive,487,-1,-1,0
1764984132,Reaper_1,S,1,33,33,6,535,0,alive,309,-1,-1,0
1764984132,Reaper_1,S,1,33,34,6,561,48,alive,411,-1,-1,0
1764984132,Reaper_1,S,1,17,26,4,454,0,alive,419,-1,-1,0
1764984132,Reaper_1,S,1,16,16,3,267,35,alive,367,-1,-1,0
1764984132,Reaper_1,S,1,21,21,5,353,80,alive,389,-1,-1,0
1764984132,Reaper_1,S,1,19,22,4,388,72,alive,428,-1,-1,0
1764984132,Reaper_1,S,1,37,41,9,737,85,alive,452,-1,-1,0
1764984132,Reaper_1,S,1,35,43,10,694,55,alive,395,-1,-1,0
1764984132,Reaper_1,S,1,17,22,6,367,52,alive,75,-1,-1,0
1764984132,Reaper_1,S,0,6,7,0,112,99,railgun from Rat_1,14,7,6,0
1764984132,Reaper_1,S,1,18,21,6,315,74,alive,292,-1,-1,0
1764984132,Reaper_1,S,1,22,26,7,434,74,alive,336,-1,-1,0
1764984132,Reaper_1,S,1,17,20,7,327,24,alive,119,-1,-1,0
1764984132,Reaper_1,S,1,27,27,7,439,28,alive,317,-1,-1,0
1764984132,Reaper_1,S,1,29,33,8,562,0,alive,374,-1,-1,0
1764984132,Reaper_1,S,1,23,23,7,387,44,alive,168,-1,-1,0
1764984132,Reaper_1,S,1,25,25,6,427,29,alive,317,-1,-1,0
1764984132,Reaper_1,S,1,18,18,3,309,44,alive,392,-1,-1,0
1764984132,Reaper_1,S,1,20,22,5,356,24,alive,387,-1,-1,0
1764984132,Reaper_1,S,0,10,13,1,231,84,collision with Hammer_3,32,6,1,0
1764984132,Reaper_1,S,1,18,18,5,308,5,alive,351,-1,-1,0
1764984132,Reaper_1,S,1,17,17,6,243,17,alive,313,-1,-1,0
1764984132,Reaper_1,S,1,22,27,7,442,64,alive,181,-1,-1,0
1764984132,Reaper_1,S,1,24,26,6,453,0,alive,352,-1,-1,0
1764984132,Reaper_1,S,1,14,19,6,331,19,alive,323,-1,-1,0
1764984132,Reaper_1,S,1,16,21,7,341,6,alive,449,-1,-1,0
1764984132,Reaper_1,S,1,27,33,8,539,21,alive,308,-1,-1,0
1764984132,Reaper_1,S,1,41,42,10,698,58,alive,294,-1,-1,0
1764984132,Reaper_1,S,1,30,44,9,748,35,alive,302,-1,-1,0
1764984132,Reaper_1,S,1,14,14,2,243,40,alive,568,-1,-1,0
1764984132,Reaper_1,S,1,35,46,12,740,9,alive,270,-1,-1,0
1764984132,Reaper_1,S,1,21,33,9,561,26,alive,322,-1,-1,0
1764984132,Reaper_1,S,1,28,32,6,529,36,alive,307,-1,-1,0
1764984133,Reaper_1,S,1,10,11,3,164,35,alive,464,-1,-1,0
1764984133,Reaper_1,S,1,30,35,10,579,13,alive,421,-1,-1,0
1764984133,Reaper_1,S,1,27,30,5,527,35,alive,318,-1,-1,0
1764984133,Reaper_1,S,1,8,8,2,141,17,alive,315,-1,-1,0
1764984133,Reaper_1,S,1,10,14,4,225,0,alive,252,-1,-1,0
1764984133,Reaper_1,S,1,29,39,9,640,30,alive,378,-1,-1,0
1764984133,Reaper_1,S,1,30,37,9,618,35,alive,210,-1,-1,0
1764984133,Reaper_1,S,1,32,37,8,617,56,alive,147,-1,-1,0
1764984133,Reaper_1,S,1,11,12,4,211,88,alive,75,-1,-1,0
1764984133,Reaper_1,S,1,13,14,5,233,16,alive,106,-1,-1,0
1764984133,Reaper_1,S,1,15,17,5,274,15,alive,315,-1,-1,0
1764984133,Reaper_1,S,0,5,6,1,101,100,railgun from Rat_4,6,18,4,0
1764984133,Reaper_1,S,1,18,18,4,307,46,alive,103,-1,-1,0
1764984133,Reaper_1,S,1,15,16,3,280,42,alive,331,-1,-1,0
1764984133,Reaper_1,S,1,25,27,9,439,45,alive,377,-1,-1,0
1764984133,Reaper_1,S,1,13,14,4,216,35,alive,453,-1,-1,0
1764984133,Reaper_1,S,1,21,25,7,395,27,alive,224,-1,-1,0
1764984133,Reaper_1,S,0,11,18,1,305,96,railgun from Rat_5,17,13,8,0
1764984133,Reaper_1,S,1,15,16,4,270,75,alive,303,-1,-1,0
1764984133,Reaper_1,S,1,28,30,7,504,28,alive,302,-1,-1,0
1764984133,Reaper_1,S,1,35,39,10,634,67,alive,414,-1,-1,0
1764984133,Reaper_1,S,0,4,4,1,63,100,railgun from Rat_4,8,16,7,0
1764984133,Reaper_1,S,1,23,29,10,471,46,alive,144,-1,-1,0
1764984133,Reaper_1,S,1,21,28,8,458,48,alive,333,-1,-1,0
1764984133,Reaper_1,S,1,20,23,5,396,25,alive,400,-1,-1,0
1764984133,Reaper_1,S,1,25,27,7,436,7,alive,509,-1,-1,0
1764984133,Reaper_1,S,0,1,1,0,15,96,railgun from Rat_6,11,5,18,0
1764984133,Reaper_1,S,0,12,23,3,398,98,collision with Rat_5,11,12,0,0
1764984133,Reaper_1,S,1,23,25,7,415,40,alive,323,-1,-1,0
1764984133,Reaper_1,S,0,32,39,8,669,104,collision with Rat_7,100,14,7,0
1764984133,Reaper_1,S,1,30,30,8,497,74,alive,323,-1,-1,0
1764984133,Reaper_1,S,1,22,25,8,385,29,alive,497,-1,-1,0
1764984133,Reaper_1,S,1,37,61,12,1046,15,alive,295,-1,-1,0
1764984133,Reaper_1,S,1,29,33,10,524,50,alive,456,-1,-1,0
1764984133,Reaper_1,S,0,10,10,2,158,95,railgun from Rat_5,16,12,13,0
1764984133,Reaper_1,S,1,16,19,6,320,11,alive,307,-1,-1,0
1764984133,Reaper_1,S,1,24,26,7,416,74,alive,404,-1,-1,0
1764984134,Reaper_1,S,1,23,24,8,398,42,alive,460,-1,-1,0
1764984134,Reaper_1,S,1,23,24,5,391,52,alive,436,-1,-1,0
1764984134,Reaper_1,S,1,29,30,7,515,35,alive,233,-1,-1,0
1764984134,Reaper_1,S,0,14,15,4,250,99,railgun from Rat_1,46,18,13,0
1764984134,Reaper_1,S,1,14,16,4,267,10,alive,415,-1,-1,0
1764984134,Reaper_1,S,1,27,31,10,481,5,alive,262,-1,-1,0
1764984134,Reaper_1,S,1,27,31,8,521,17,alive,469,-1,-1,0
1764984134,Reaper_1,S,1,11,12,4,192,10,alive,587,-1,-1,0
1764984134,Reaper_1,S,1,30,34,7,574,54,alive,399,-1,-1,0
1764984134,Reaper_1,S,1,43,45,10,732,34,alive,572,-1,-1,0
1764984134,Reaper_1,S,1,31,41,10,660,13,alive,472,-1,-1,0
1764984134,Reaper_1,S,1,11,11,3,175,5,alive,376,-1,-1,0
1764984134,Reaper_1,S,1,26,30,6,483,45,alive,323,-1,-1,0
1764984134,Reaper_1,S,1,24,26,7,431,0,alive,338,-1,-1,0
1764984134,Reaper_1,S,1,21,26,8,424,25,alive,332,-1,-1,0
1764984134,Reaper_1,S,1,13,13,6,199,83,alive,286,-1,-1,0
1764984134,Reaper_1,S,1,27,38,8,625,0,alive,473,-1,-1,0
1764984134,Reaper_1,S,1,29,30,8,469,51,alive,538,-1,-1,0
1764984134,Reaper_1,S,1,22,22,5,361,44,alive,225,-1,-1,0
1764984134,Reaper_1,S,1,21,27,10,395,35,alive,106,-1,-1,0
1764984134,Reaper_1,S,1,32,34,6,569,70,alive,502,-1,-1,0
1764984134,Reaper_1,S,1,22,25,8,391,45,alive,290,-1,-1,0
1764984134,Reaper_1,S,1,16,18,4,301,34,alive,373,-1,-1,0
1764984134,Reaper_1,S,1,30,35,10,572,27,alive,487,-1,-1,0
1764984134,Reaper_1,S,1,37,38,11,601,44,alive,368,-1,-1,0
1764984134,Reaper_1,S,0,22,31,8,494,97,collision with Rat_1,82,15,7,0
1764984134,Reaper_1,S,0,3,3,0,48,100,railgun from Rat_4,14,14,19,0
1764984134,Reaper_1,S,1,12,17,3,262,19,alive,259,-1,-1,0
1764984134,Reaper_1,S,0,5,6,0,99,104,collision with Rat_5,9,5,9,0
1764984134,Reaper_1,S,0,1,1,0,18,92,railgun from Rat_7,4,8,1,0
1764984134,Reaper_1,S,1,24,25,7,417,23,alive,395,-1,-1,0
1764984134,Reaper_1,S,1,35,44,10,706,83,alive,174,-1,-1,0
1764984134,Reaper_1,S,1,31,34,7,584,11,alive,388,-1,-1,0
1764984134,Reaper_1,S,1,13,13,5,203,24,alive,307,-1,-1,0
1764984135,Reaper_1,S,1,16,16,2,274,7,alive,376,-1,-1,0
1764984135,Reaper_1,S,1,15,16,4,250,83,alive,578,-1,-1,0
1764984135,Reaper_1,S,1,21,22,5,344,20,alive,442,-1,-1,0
1764984135,Reaper_1,S,1,30,38,10,604,18,alive,545,-1,-1,0
1764984135,Reaper_1,S,1,15,15,4,245,3,alive,381,-1,-1,0
1764984135,Reaper_1,S,1,19,27,5,459,42,alive,533,-1,-1,0
1764984135,Reaper_1,S,1,21,24,5,397,88,alive,462,-1,-1,0
1764984135,Reaper_1,S,1,14,16,3,259,52,alive,337,-1,-1,0
1764984135,Reaper_1,S,1,30,32,7,520,38,alive,390,-1,-1,0
1764984135,Reaper_1,S,0,2,2,0,35,97,railgun from Rat_2,5,0,14,0
1764984135,Reaper_1,S,1,22,25,4,440,24,alive,319,-1,-1,0
1764984135,Reaper_1,S,1,37,40,10,661,0,alive,173,-1,-1,0
1764984135,Reaper_1,S,0,1,1,0,15,100,railgun from Rat_3,17,19,19,0
1764984135,Reaper_1,S,1,6,6,1,95,6,alive,246,-1,-1,0
1764984135,Reaper_1,S,1,24,27,8,423,24,alive,470,-1,-1,0
1764984135,Reaper_1,S,1,21,23,6,383,23,alive,282,-1,-1,0
1764984135,Reaper_1,S,1,33,34,12,555,15,alive,307,-1,-1,0
1764984135,Reaper_1,S,1,22,22,6,372,42,alive,376,-1,-1,0
1764984135,Reaper_1,S,1,22,31,6,520,7,alive,374,-1,-1,0
1764984135,Reaper_1,S,1,31,34,6,565,20,alive,316,-1,-1,0
1764984135,Reaper_1,S,1,31,32,8,543,34,alive,687,-1,-1,0
1764984135,Reaper_1,S,1,15,15,3,230,62,alive,463,-1,-1,0
1764984135,Reaper_1,S,1,7,8,1,138,54,alive,272,-1,-1,0
1764984135,Reaper_1,S,1,21,23,7,400,72,alive,347,-1,-1,0
1764984135,Reaper_1,S,1,14,24,8,374,28,alive,487,-1,-1,0
1764984135,Reaper_1,S,1,11,11,3,204,13,alive,309,-1,-1,0
1764984135,Reaper_1,S,1,24,34,9,554,42,alive,87,-1,-1,0
1764984135,Reaper_1,S,0,5,5,0,90,100,railgun from Rat_3,5,0,6,0
1764984135,Reaper_1,S,1,26,32,9,546,12,alive,478,-1,-1,0
1764984135,Reaper_1,S,1,32,36,7,607,33,alive,338,-1,-1,0
1764984135,Reaper_1,S,1,10,10,3,170,57,alive,392,-1,-1,0
1764984135,Reaper_1,S,1,11,12,2,192,0,alive,503,-1,-1,0
1764984136,Reaper_1,S,1,13,13,4,208,5,alive,340,-1,-1,0
1764984136,Reaper_1,S,0,8,9,2,156,97,collision with Flame_6,20,13,16,0
1764984136,Reaper_1,S,0,12,16,1,267,96,collision with Flame_1,19,19,10,0
1764984136,Reaper_1,S,1,16,24,4,400,67,alive,345,-1,-1,0
1764984136,Reaper_1,S,0,3,3,0,54,100,railgun from Rat_6,3,0,16,0
1764984136,Reaper_1,S,0,2,2,0,30,100,railgun from Rat_4,3,19,5,0
1764984136,Reaper_1,S,1,6,6,3,80,43,alive,333,-1,-1,0
1764984136,Reaper_1,S,0,23,23,7,362,99,collision with Rat_2,100,1,1,0
1764984136,Reaper_1,S,0,6,6,1,96,104,collision with Rat_2,46,1,1,0
1764984136,Reaper_1,S,1,15,16,5,240,24,alive,269,-1,-1,0
1764984136,Reaper_1,S,0,5,8,1,148,100,railgun from Rat_5,9,12,10,0
1764984136,Reaper_1,S,1,36,41,9,695,40,alive,342,-1,-1,0
1764984136,Reaper_1,S,1,30,30,8,497,7,alive,329,-1,-1,0
1764984136,Reaper_1,S,1,53,61,11,1040,12,alive,365,-1,-1,0
1764984136,Reaper_1,S,1,23,30,8,482,0,alive,181,-1,-1,0
1764984136,Reaper_1,S,1,24,27,9,439,65,alive,162,-1,-1,0
1764984136,Reaper_1,S,1,17,22,8,353,0,alive,104,-1,-1,0
1764984136,Reaper_1,S,1,26,29,5,515,10,alive,326,-1,-1,0
1764984136,Reaper_1,S,0,2,3,0,46,100,railgun from Rat_4,3,10,7,0
1764984136,Reaper_1,S,0,7,7,0,116,98,railgun from Rat_5,17,4,19,0
1764984136,Reaper_1,S,0,6,8,0,136,96,railgun from Rat_4,10,5,7,0
1764984136,Reaper_1,S,1,29,33,9,527,17,alive,358,-1,-1,0
1764984136,Reaper_1,S,1,20,26,5,442,43,alive,457,-1,-1,0
1764984136,Reaper_1,S,1,23,30,10,492,48,alive,318,-1,-1,0
1764984136,Reaper_1,S,0,3,3,0,54,98,railgun from Rat_1,6,2,11,0
1764984136,Reaper_1,S,1,17,19,8,277,76,alive,345,-1,-1,0
1764984136,Reaper_1,S,1,20,23,8,359,75,alive,245,-1,-1,0
1764984136,Reaper_1,S,1,26,29,7,472,0,alive,496,-1,-1,0
1764984136,Reaper_1,S,1,35,38,8,630,51,alive,202,-1,-1,0
1764984136,Reaper_1,S,1,20,24,5,398,43,alive,346,-1,-1,0
1764984136,Reaper_1,S,0,36,44,13,709,97,collision with Flame_5,266,8,19,0
1764984136,Reaper_1,S,1,30,38,11,598,63,alive,338,-1,-1,0
1764984136,Reaper_1,S,1,22,25,5,407,15,alive,313,-1,-1,0
1764984136,Reaper_1,S,1,30,38,11,602,54,alive,305,-1,-1,0
1764984136,Reaper_1,S,1,15,15,4,252,44,alive,310,-1,-1,0
1764984136,Reaper_1,S,1,15,23,5,342,7,alive,285,-1,-1,0
1764984136,Reaper_1,S,0,6,9,0,144,100,railgun from Rat_6,11,8,11,0
1764984136,Reaper_1,S,1,31,31,7,513,57,alive,336,-1,-1,0
1764984137,Reaper_1,S,1,19,27,8,427,10,alive,337,-1,-1,0
1764984137,Reaper_1,S,1,26,29,8,455,11,alive,285,-1,-1,0
1764984137,Reaper_1,S,1,30,35,9,569,0,alive,767,-1,-1,0
1764984137,Reaper_1,S,1,19,22,6,365,65,alive,288,-1,-1,0
1764984137,Reaper_1,S,1,19,23,4,376,35,alive,295,-1,-1,0
1764984137,Reaper_1,S,1,15,17,3,286,45,alive,775,-1,-1,0
1764984137,Reaper_1,S,1,29,47,11,799,10,alive,637,-1,-1,0
1764984137,Reaper_1,S,1,23,23,4,390,35,alive,373,-1,-1,0
1764984137,Reaper_1,S,1,25,32,8,514,64,alive,500,-1,-1,0
1764984137,Reaper_1,S,0,14,22,2,379,99,collision with Flame_6,29,8,2,0
1764984137,Reaper_1,S,1,32,36,7,598,53,alive,330,-1,-1,0
1764984137,Reaper_1,S,0,5,7,1,118,100,hammer from Hammer_6,21,13,19,0
1764984137,Reaper_1,S,1,30,38,6,617,20,alive,251,-1,-1,0
1764984137,Reaper_1,S,0,5,6,0,98,100,railgun from Rat_7,6,16,3,0
1764984137,Reaper_1,S,1,21,21,8,311,46,alive,366,-1,-1,0
1764984137,Reaper_1,S,1,25,26,7,425,73,alive,378,-1,-1,0
1764984137,Reaper_1,S,1,8,8,2,137,0,alive,522,-1,-1,0
1764984137,Reaper_1,S,1,22,27,7,417,7,alive,439,-1,-1,0
1764984137,Reaper_1,S,0,14,18,3,286,104,collision with Hammer_8,41,18,18,0
1764984137,Reaper_1,S,1,32,34,9,559,54,alive,397,-1,-1,0
1764984137,Reaper_1,S,1,6,6,1,101,27,alive,255,-1,-1,0
1764984137,Reaper_1,S,1,33,37,10,635,16,alive,214,-1,-1,0
1764984137,Reaper_1,S,1,28,31,7,534,1,alive,226,-1,-1,0
1764984137,Reaper_1,S,0,4,7,1,118,96,railgun from Rat_4,4,19,11,0
1764984137,Reaper_1,S,1,22,24,8,350,0,alive,355,-1,-1,0
1764984137,Reaper_1,S,1,23,24,7,379,83,alive,332,-1,-1,0
1764984137,Reaper_1,S,1,35,40,9,636,10,alive,506,-1,-1,0
1764984137,Reaper_1,S,1,24,26,9,421,60,alive,305,-1,-1,0
1764984137,Reaper_1,S,0,16,19,2,324,100,collision with Rat_7,59,3,17,0
1764984137,Reaper_1,S,1,28,34,6,560,9,alive,340,-1,-1,0
1764984137,Reaper_1,S,1,24,25,8,399,12,alive,154,-1,-1,0
1764984137,Reaper_1,S,1,17,17,5,272,10,alive,301,-1,-1,0
1764984138,Reaper_1,S,1,21,22,7,364,83,alive,327,-1,-1,0
1764984138,Reaper_1,S,1,25,27,6,438,50,alive,386,-1,-1,0
1764984138,Reaper_1,S,1,7,8,3,135,42,alive,316,-1,-1,0
1764984138,Reaper_1,S,1,25,27,6,460,44,alive,622,-1,-1,0
1764984138,Reaper_1,S,1,19,25,9,422,19,alive,117,-1,-1,0
1764984138,Reaper_1,S,1,33,39,9,655,17,alive,257,-1,-1,0
1764984138,Reaper_1,S,1,27,32,6,560,85,alive,451,-1,-1,0
1764984138,Reaper_1,S,1,28,29,7,501,63,alive,123,-1,-1,0
1764984138,Reaper_1,S,1,13,16,2,261,94,alive,371,-1,-1,0
1764984138,Reaper_1,S,1,32,32,8,528,7,alive,184,-1,-1,0
1764984138,Reaper_1,S,1,24,30,6,487,20,alive,238,-1,-1,0
1764984138,Reaper_1,S,1,24,27,7,446,67,alive,246,-1,-1,0
1764984138,Reaper_1,S,1,22,22,6,351,63,alive,409,-1,-1,0
1764984138,Reaper_1,S,1,25,36,8,611,20,alive,426,-1,-1,0
1764984138,Reaper_1,S,0,6,7,1,114,98,railgun from Rat_4,12,10,5,0
1764984138,Reaper_1,S,1,26,30,10,464,98,alive,302,-1,-1,0
1764984138,Reaper_1,S,1,22,29,9,463,55,alive,330,-1,-1,0
1764984138,Reaper_1,S,1,36,56,12,946,37,alive,440,-1,-1,0
1764984138,Reaper_1,S,1,36,36,10,606,0,alive,340,-1,-1,0
1764984138,Reaper_1,S,1,26,31,11,498,90,alive,294,-1,-1,0
1764984138,Reaper_1,S,1,23,25,6,417,49,alive,314,-1,-1,0
1764984138,Reaper_1,S,1,37,42,9,674,0,alive,351,-1,-1,0
1764984138,Reaper_1,S,1,22,23,5,366,38,alive,299,-1,-1,0
1764984138,Reaper_1,S,1,26,30,6,490,9,alive,350,-1,-1,0
1764984138,Reaper_1,S,1,41,45,9,725,17,alive,513,-1,-1,0
1764984138,Reaper_1,S,1,34,35,7,588,50,alive,165,-1,-1,0
1764984138,Reaper_1,S,1,18,23,5,376,27,alive,360,-1,-1,0
1764984138,Reaper_1,S,0,15,38,6,634,103,railgun from Rat_2,56,7,9,0
1764984138,Reaper_1,S,1,20,25,5,424,17,alive,264,-1,-1,0
1764984138,Reaper_1,S,1,35,36,11,601,24,alive,166,-1,-1,0
1764984138,Reaper_1,S,1,21,23,7,354,35,alive,286,-1,-1,0
1764984138,Reaper_1,S,0,3,3,0,52,93,railgun from Rat_6,7,14,9,0
1764984138,Reaper_1,S,1,28,30,6,503,44,alive,230,-1,-1,0
1764984138,Reaper_1,S,1,27,38,8,625,5,alive,310,-1,-1,0
1764984138,Reaper_1,S,1,19,23,9,340,65,alive,316,-1,-1,0
1764984138,Reaper_1,S,1,31,38,8,631,64,alive,265,-1,-1,0
1764984138,Reaper_1,S,0,15,15,5,220,98,collision with Flame_5,60,6,7,0
1764984138,Reaper_1,S,1,25,30,6,502,10,alive,371,-1,-1,0
1764984138,Reaper_1,S,1,19,29,7,489,5,alive,77,-1,-1,0
1764984138,Reaper_1,S,1,33,37,5,630,93,alive,393,-1,-1,0
1764984139,Reaper_1,S,1,18,21,7,313,89,alive,132,-1,-1,0
1764984139,Reaper_1,S,0,22,26,6,442,100,flame,98,13,13,0
1764984139,Reaper_1,S,1,23,24,9,374,0,alive,184,-1,-1,0
1764984139,Reaper_1,S,1,9,10,4,140,76,alive,330,-1,-1,0
1764984139,Reaper_1,S,1,15,22,5,374,26,alive,374,-1,-1,0
1764984139,Reaper_1,S,0,2,2,0,31,96,railgun from Rat_4,4,17,14,0
1764984139,Reaper_1,S,1,23,26,7,436,10,alive,227,-1,-1,0
1764984139,Reaper_1,S,0,6,7,1,120,99,railgun from Rat_5,11,7,17,0
1764984139,Reaper_1,S,0,2,2,0,31,98,railgun from Rat_4,11,18,19,0
1764984139,Reaper_1,S,1,28,29,7,494,10,alive,297,-1,-1,0
1764984139,Reaper_1,S,0,10,11,2,170,97,collision with Flame_1,29,7,18,0
1764984139,Reaper_1,S,1,27,37,9,600,48,alive,414,-1,-1,0
1764984139,Reaper_1,S,1,25,34,9,591,10,alive,201,-1,-1,0
1764984139,Reaper_1,S,1,4,4,1,67,74,alive,350,-1,-1,0
1764984139,Reaper_1,S,1,44,48,11,795,89,alive,321,-1,-1,0
1764984139,Reaper_1,S,1,17,19,6,282,28,alive,479,-1,-1,0
1764984139,Reaper_1,S,0,13,18,3,291,98,hammer from Hammer_1,36,15,2,0
1764984139,Reaper_1,S,1,15,23,7,388,39,alive,178,-1,-1,0
1764984139,Reaper_1,S,1,16,17,6,263,32,alive,348,-1,-1,0
1764984139,Reaper_1,S,1,18,21,6,332,38,alive,339,-1,-1,0
1764984139,Reaper_1,S,0,15,23,4,401,90,flame,43,13,4,0
1764984139,Reaper_1,S,1,13,14,2,243,17,alive,484,-1,-1,0
1764984139,Reaper_1,S,1,27,32,5,534,0,alive,562,-1,-1,0
1764984139,Reaper_1,S,1,27,27,6,438,0,alive,346,-1,-1,0
1764984139,Reaper_1,S,0,4,4,0,64,100,railgun from Rat_2,17,14,6,0
1764984139,Reaper_1,S,1,39,57,9,996,49,alive,258,-1,-1,0
1764984139,Reaper_1,S,1,22,23,6,381,16,alive,375,-1,-1,0
1764984139,Reaper_1,S,1,28,29,10,450,70,alive,228,-1,-1,0
1764984139,Reaper_1,S,1,30,31,7,517,37,alive,323,-1,-1,0
1764984139,Reaper_1,S,1,16,17,3,282,0,alive,313,-1,-1,0
1764984139,Reaper_1,S,0,2,2,0,32,100,railgun from Rat_5,3,12,8,0
1764984139,Reaper_1,S,1,32,34,10,582,41,alive,469,-1,-1,0
1764984139,Reaper_1,S,1,34,45,9,765,92,alive,411,-1,-1,0
1764984139,Reaper_1,S,1,7,8,3,135,0,alive,285,-1,-1,0
1764984139,Reaper_1,S,1,26,27,10,409,44,alive,196,-1,-1,0
1764984139,Reaper_1,S,1,21,26,6,431,54,alive,309,-1,-1,0
1764984140,Reaper_1,S,0,17,22,5,355,100,flame,88,6,13,0
1764984140,Reaper_1,S,0,12,15,1,269,94,flame,52,13,4,0
1764984140,Reaper_1,S,1,35,38,7,660,47,alive,403,-1,-1,0
1764984140,Reaper_1,S,1,19,19,5,329,74,alive,393,-1,-1,0
1764984140,Reaper_1,S,0,7,8,0,131,95,collision with Rat_3,10,19,0,0
1764984140,Reaper_1,S,0,0,0,0,0,100,railgun from Rat_5,3,0,12,0
1764984140,Reaper_1,S,1,19,20,6,339,69,alive,157,-1,-1,0
1764984140,Reaper_1,S,1,18,19,5,305,82,alive,279,-1,-1,0
1764984140,Reaper_1,S,1,27,28,9,452,32,alive,370,-1,-1,0
1764984140,Reaper_1,S,1,28,36,6,645,86,alive,482,-1,-1,0
1764984140,Reaper_1,S,1,20,20,4,339,5,alive,444,-1,-1,0
1764984140,Reaper_1,S,0,2,3,0,54,92,hammer from Hammer_8,4,1,6,0
1764984140,Reaper_1,S,1,32,34,7,561,62,alive,354,-1,-1,0
1764984140,Reaper_1,S,1,14,17,5,277,39,alive,304,-1,-1,0
1764984140,Reaper_1,S,1,18,19,6,295,80,alive,186,-1,-1,0
1764984140,Reaper_1,S,0,5,6,0,106,87,collision with Rat_5,6,14,0,0
1764984140,Reaper_1,S,1,26,30,6,507,48,alive,383,-1,-1,0
1764984140,Reaper_1,S,1,29,32,10,518,67,alive,420,-1,-1,0
1764984140,Reaper_1,S,1,26,31,8,489,67,alive,194,-1,-1,0
1764984140,Reaper_1,S,1,14,18,3,305,44,alive,308,-1,-1,0
1764984140,Reaper_1,S,1,28,34,8,563,18,alive,296,-1,-1,0
1764984140,Reaper_1,S,0,4,5,0,84,98,railgun from Rat_5,5,14,19,0
1764984140,Reaper_1,S,0,2,2,0,30,100,railgun from Rat_4,2,11,6,0
1764984140,Reaper_1,S,1,28,42,9,670,35,alive,530,-1,-1,0
1764984140,Reaper_1,S,0,6,7,1,117,98,flame,45,13,13,0
1764984140,Reaper_1,S,1,29,32,7,533,29,alive,516,-1,-1,0
1764984140,Reaper_1,S,1,28,32,8,530,59,alive,93,-1,-1,0
1764984140,Reaper_1,S,0,7,10,0,183,99,railgun from Rat_3,11,4,0,0
1764984140,Reaper_1,S,1,16,16,5,270,17,alive,399,-1,-1,0
1764984140,Reaper_1,S,1,28,28,9,431,46,alive,194,-1,-1,0
1764984140,Reaper_1,S,1,24,31,10,503,86,alive,521,-1,-1,0
1764984140,Reaper_1,S,1,20,28,7,447,8,alive,345,-1,-1,0
1764984140,Reaper_1,S,0,14,17,4,303,100,collision with Flame_8,44,11,9,0
1764984140,Reaper_1,S,0,3,3,1,49,96,railgun from Rat_4,11,0,14,0
1764984140,Reaper_1,S,0,10,15,2,263,97,railgun from Rat_2,44,16,4,0
1764984141,Reaper_1,S,1,31,38,11,645,29,alive,324,-1,-1,0
1764984141,Reaper_1,S,1,11,11,3,208,35,alive,330,-1,-1,0
1764984141,Reaper_1,S,1,19,23,4,387,75,alive,336,-1,-1,0
1764984141,Reaper_1,S,1,26,28,8,462,53,alive,114,-1,-1,0
1764984141,Reaper_1,S,1,33,36,6,589,19,alive,283,-1,-1,0
1764984141,Reaper_1,S,1,25,36,9,600,46,alive,475,-1,-1,0
1764984141,Reaper_1,S,1,27,32,8,515,84,alive,446,-1,-1,0
1764984141,Reaper_1,S,1,28,28,5,454,69,alive,371,-1,-1,0
1764984141,Reaper_1,S,1,18,20,4,341,61,alive,295,-1,-1,0
1764984141,Reaper_1,S,0,15,25,7,389,105,collision with Flame_8,35,13,11,0
1764984141,Reaper_1,S,1,33,39,7,669,36,alive,365,-1,-1,0
1764984141,Reaper_1,S,1,33,39,11,666,46,alive,87,-1,-1,0
1764984141,Reaper_1,S,1,37,45,12,752,69,alive,301,-1,-1,0
1764984141,Reaper_1,S,0,3,4,0,64,103,collision with Rat_7,3,3,6,0
1764984141,Reaper_1,S,1,25,30,10,504,44,alive,200,-1,-1,0
1764984141,Reaper_1,S,1,18,22,4,350,54,alive,89,-1,-1,0
1764984141,Reaper_1,S,1,22,26,5,436,35,alive,271,-1,-1,0
